epoch,time,train/box_loss,train/cls_loss,train/dfl_loss,metrics/precision(B),metrics/recall(B),metrics/mAP50(B),metrics/mAP50-95(B),val/box_loss,val/cls_loss,val/dfl_loss,lr/pg0,lr/pg1,lr/pg2
1,8.88853,4.58913,5.69924,4.27938,0,0,0,0,4.31824,4.56749,4.12794,0.0766,0.0026,0.0026
2,16.9006,4.6937,5.53165,4.1428,0,0,0,0,4.22864,4.40747,4.08354,0.052279,0.00527901,0.00527901
3,24.8573,4.49836,5.36072,3.99275,0,0,0,0,4.16848,4.40808,4.05118,0.0279366,0.00793664,0.00793664
4,32.8943,4.22396,5.16451,3.75716,0,0,0,0,4.02513,4.29989,3.8025,0.0098812,0.0098812,0.0098812
5,40.8288,3.71889,4.455,3.3986,0.17043,0.0121,0.00262,0.00046,3.908,5.13606,4.13568,0.0098416,0.0098416,0.0098416
6,48.8565,3.46602,4.16008,3.25166,0.2415,0.07754,0.01446,0.00426,3.99585,72.7004,4.82146,0.009802,0.009802,0.009802
7,56.9967,3.28816,3.69471,3.02465,0.04388,0.19005,0.0439,0.01171,3.6537,39.6254,4.52952,0.0097624,0.0097624,0.0097624
8,64.8896,3.17676,3.57979,2.9067,0.06912,0.1354,0.03469,0.00727,4.00058,11.6001,4.84808,0.0097228,0.0097228,0.0097228
9,72.7825,3.10992,3.32164,2.80329,0.06103,0.39632,0.07743,0.01885,3.46226,20.4329,3.12715,0.0096832,0.0096832,0.0096832
10,80.661,3.02174,3.18601,2.73775,0.16729,0.34586,0.12471,0.03421,3.18199,6.4912,2.88623,0.0096436,0.0096436,0.0096436
11,88.6554,2.92371,3.02051,2.66392,0.34536,0.24592,0.15149,0.04701,3.11131,3.54141,2.73556,0.009604,0.009604,0.009604
12,96.5697,2.91359,3.01045,2.58989,0.24596,0.48236,0.25484,0.07873,2.89324,2.77164,2.35268,0.0095644,0.0095644,0.0095644
13,104.465,2.83701,2.81028,2.58239,0.17565,0.36234,0.21915,0.06845,2.86668,2.90387,2.43549,0.0095248,0.0095248,0.0095248
14,112.355,2.79457,2.70213,2.5505,0.23151,0.33988,0.22913,0.06913,2.91627,2.53092,2.43564,0.0094852,0.0094852,0.0094852
15,120.194,2.73931,2.75505,2.53756,0.22212,0.46621,0.25206,0.07738,2.76072,3.04974,2.27981,0.0094456,0.0094456,0.0094456
16,128.052,2.65499,2.59194,2.48461,0.25118,0.47458,0.35728,0.11554,2.70054,2.43715,2.29448,0.009406,0.009406,0.009406
17,135.949,2.6433,2.52206,2.44687,0.34508,0.46698,0.33624,0.10017,2.82863,2.3011,2.47583,0.0093664,0.0093664,0.0093664
18,143.817,2.63026,2.47618,2.41675,0.36503,0.44176,0.32557,0.10277,2.76568,2.23585,2.30391,0.0093268,0.0093268,0.0093268
19,151.784,2.54449,2.34214,2.32391,0.42252,0.2486,0.24099,0.08185,2.93578,3.38347,2.69338,0.0092872,0.0092872,0.0092872
20,159.574,2.53386,2.31338,2.32988,0.32832,0.4484,0.38824,0.11265,2.7062,2.2122,2.36707,0.0092476,0.0092476,0.0092476
21,167.38,2.46641,2.22907,2.30684,0.32311,0.45461,0.38479,0.12937,2.58909,2.20154,2.16393,0.009208,0.009208,0.009208
22,175.18,2.45581,2.21731,2.27288,0.46511,0.37425,0.41781,0.1497,2.56855,2.22688,2.16774,0.0091684,0.0091684,0.0091684
23,183.079,2.45677,2.20694,2.29273,0.49406,0.47214,0.45449,0.1674,2.48046,2.37304,2.15397,0.0091288,0.0091288,0.0091288
24,190.967,2.40484,2.141,2.26011,0.52038,0.45229,0.45589,0.16427,2.48205,2.11107,2.07536,0.0090892,0.0090892,0.0090892
25,198.756,2.35407,2.07579,2.18137,0.57324,0.44001,0.53772,0.20687,2.49225,2.05904,2.13813,0.0090496,0.0090496,0.0090496
26,206.613,2.33078,2.01955,2.17437,0.56632,0.48496,0.52079,0.20661,2.44383,2.1,2.12108,0.00901,0.00901,0.00901
27,214.634,2.35548,2.03189,2.19822,0.43464,0.49585,0.46763,0.18263,2.45652,2.03997,2.15094,0.0089704,0.0089704,0.0089704
28,222.511,2.33263,2.0428,2.21259,0.48097,0.54078,0.50767,0.18796,2.49449,1.79824,2.12382,0.0089308,0.0089308,0.0089308
29,230.352,2.30184,2.00358,2.16103,0.38586,0.54351,0.47363,0.19562,2.34726,2.00209,2.0179,0.0088912,0.0088912,0.0088912
30,238.229,2.2446,1.98841,2.1184,0.55347,0.50655,0.48168,0.17342,2.49095,2.11434,2.21452,0.0088516,0.0088516,0.0088516
31,246.069,2.22429,2.0106,2.1395,0.45001,0.5601,0.54614,0.22066,2.42887,1.96106,2.0995,0.008812,0.008812,0.008812
32,253.937,2.24016,1.90523,2.0983,0.3517,0.371,0.36749,0.10219,2.75906,1.90315,2.27747,0.0087724,0.0087724,0.0087724
33,261.804,2.21406,1.89603,2.06334,0.6452,0.49124,0.62986,0.23608,2.34638,1.69072,2.0821,0.0087328,0.0087328,0.0087328
34,269.822,2.24816,1.85053,2.084,0.70684,0.56697,0.64153,0.26268,2.26333,1.69116,1.96859,0.0086932,0.0086932,0.0086932
35,277.711,2.16663,1.81987,2.05797,0.67297,0.55739,0.61815,0.20136,2.53733,1.70471,2.1546,0.0086536,0.0086536,0.0086536
36,285.487,2.13174,1.7994,2.02144,0.60255,0.62917,0.6512,0.26278,2.27728,1.63349,1.98351,0.008614,0.008614,0.008614
37,293.358,2.14476,1.74885,2.01354,0.57545,0.63897,0.62713,0.25232,2.26514,1.67616,2.02017,0.0085744,0.0085744,0.0085744
38,301.283,2.13584,1.74588,2.03095,0.61705,0.57699,0.64759,0.28412,2.30629,1.66267,2.03142,0.0085348,0.0085348,0.0085348
39,309.175,2.12908,1.73794,2.04956,0.54213,0.70218,0.68278,0.26934,2.27217,1.61293,1.98763,0.0084952,0.0084952,0.0084952
40,316.994,2.11721,1.76464,2.03638,0.51554,0.71121,0.54305,0.24734,2.37406,3.10215,2.22586,0.0084556,0.0084556,0.0084556
41,325.018,2.09202,1.69256,1.98715,0.67925,0.65136,0.71702,0.28037,2.25406,1.6601,1.93643,0.008416,0.008416,0.008416
42,332.95,2.09554,1.68773,1.98756,0.65941,0.59709,0.66557,0.20673,2.52663,1.62235,2.17637,0.0083764,0.0083764,0.0083764
43,340.876,2.05183,1.67745,1.94589,0.71004,0.61045,0.7014,0.27518,2.26666,1.68256,1.96267,0.0083368,0.0083368,0.0083368
44,348.728,2.07146,1.67756,1.99386,0.57253,0.62075,0.68018,0.25827,2.29526,1.62605,1.98048,0.0082972,0.0082972,0.0082972
45,356.489,2.03141,1.64516,1.94931,0.72182,0.63232,0.68426,0.29319,2.18125,1.56271,1.87502,0.0082576,0.0082576,0.0082576
46,364.315,2.01749,1.59407,1.93795,0.71936,0.62982,0.72409,0.29415,2.25101,1.54481,1.95498,0.008218,0.008218,0.008218
47,372.115,2.02847,1.60083,1.91557,0.7515,0.64335,0.73146,0.29306,2.26144,1.43425,1.99365,0.0081784,0.0081784,0.0081784
48,380.094,2.01181,1.60992,1.94254,0.75123,0.63941,0.7646,0.32189,2.21956,1.52795,1.9275,0.0081388,0.0081388,0.0081388
49,387.929,2.01936,1.62603,1.92609,0.71431,0.46118,0.59907,0.17548,2.65025,1.76758,2.36495,0.0080992,0.0080992,0.0080992
50,395.843,2.00863,1.5941,1.93709,0.72185,0.75822,0.79479,0.32193,2.16054,1.4765,1.89525,0.0080596,0.0080596,0.0080596
51,403.677,2.02004,1.56086,1.90798,0.62087,0.6033,0.63809,0.27546,2.26818,1.70356,2.0491,0.00802,0.00802,0.00802
52,411.506,1.99231,1.55463,1.904,0.75154,0.64206,0.74719,0.3198,2.1584,1.55885,1.9318,0.0079804,0.0079804,0.0079804
53,419.285,1.95865,1.53069,1.86115,0.86019,0.65541,0.7749,0.31633,2.1743,1.46832,1.88717,0.0079408,0.0079408,0.0079408
54,427.13,1.96859,1.51497,1.86594,0.69653,0.68345,0.76872,0.33649,2.15478,1.44904,1.93055,0.0079012,0.0079012,0.0079012
55,435,1.96707,1.51379,1.87156,0.78478,0.64312,0.75308,0.3393,2.19896,1.58681,1.93254,0.0078616,0.0078616,0.0078616
56,442.92,1.99269,1.55008,1.9347,0.70471,0.64431,0.7681,0.3387,2.17381,1.52236,1.89048,0.007822,0.007822,0.007822
57,450.841,1.93014,1.48113,1.85421,0.68898,0.76765,0.78003,0.28739,2.27639,1.48124,1.91968,0.0077824,0.0077824,0.0077824
58,458.724,1.96048,1.50493,1.84656,0.78118,0.6947,0.79319,0.30304,2.30641,1.52643,1.94585,0.0077428,0.0077428,0.0077428
59,466.573,1.94808,1.49528,1.85542,0.71901,0.68352,0.80399,0.34856,2.12954,1.51809,1.88072,0.0077032,0.0077032,0.0077032
60,474.436,1.91422,1.50924,1.86176,0.68627,0.60007,0.73207,0.32306,2.1156,1.52979,1.87145,0.0076636,0.0076636,0.0076636
61,482.252,1.93062,1.48559,1.8556,0.91181,0.70395,0.84138,0.38173,2.08729,1.35676,1.81969,0.007624,0.007624,0.007624
62,490.049,1.93512,1.48496,1.8397,0.74259,0.59861,0.72019,0.27584,2.28489,1.5653,1.95655,0.0075844,0.0075844,0.0075844
63,497.967,1.90969,1.50042,1.86248,0.76599,0.70917,0.80107,0.37151,2.08585,1.38677,1.81715,0.0075448,0.0075448,0.0075448
64,505.743,1.90951,1.45015,1.84184,0.71934,0.64872,0.73491,0.32311,2.16364,1.7916,1.9254,0.0075052,0.0075052,0.0075052
65,513.656,1.92269,1.42786,1.84607,0.83422,0.75211,0.84968,0.38207,2.12483,1.3614,1.86499,0.0074656,0.0074656,0.0074656
66,521.482,1.89466,1.47672,1.84842,0.67287,0.71309,0.7674,0.33072,2.14586,1.46277,1.89009,0.007426,0.007426,0.007426
67,529.339,1.89021,1.43651,1.80825,0.73378,0.74659,0.78847,0.36713,2.0612,1.46408,1.82365,0.0073864,0.0073864,0.0073864
68,537.116,1.87412,1.44637,1.83237,0.75066,0.73651,0.82503,0.37751,2.16,1.40906,1.88243,0.0073468,0.0073468,0.0073468
69,545.02,1.86394,1.41587,1.79671,0.84404,0.72453,0.83911,0.38437,2.1219,1.30637,1.89108,0.0073072,0.0073072,0.0073072
70,552.856,1.88968,1.43779,1.85545,0.80793,0.7628,0.81278,0.34181,2.174,1.39937,1.90018,0.0072676,0.0072676,0.0072676
71,560.835,1.86834,1.41549,1.78572,0.725,0.72965,0.80577,0.39086,2.1286,1.4309,1.87421,0.007228,0.007228,0.007228
72,568.651,1.85864,1.4366,1.83153,0.76612,0.62458,0.73694,0.31034,2.21343,1.43976,2.01569,0.0071884,0.0071884,0.0071884
73,576.491,1.83708,1.3894,1.80435,0.61208,0.75236,0.76623,0.3476,2.13278,1.45229,1.90588,0.0071488,0.0071488,0.0071488
74,584.326,1.84117,1.41281,1.78753,0.81739,0.73162,0.82888,0.38519,2.10994,1.30722,1.89949,0.0071092,0.0071092,0.0071092
75,592.154,1.8052,1.37731,1.81369,0.79161,0.74862,0.83895,0.38667,2.1284,1.32612,1.89556,0.0070696,0.0070696,0.0070696
76,600.006,1.83533,1.37616,1.77377,0.77824,0.7991,0.8395,0.38808,2.0558,1.27986,1.83977,0.00703,0.00703,0.00703
77,607.821,1.82382,1.39458,1.77217,0.77557,0.74751,0.80737,0.35597,2.12528,1.36379,1.87665,0.0069904,0.0069904,0.0069904
78,615.771,1.81914,1.37726,1.77278,0.75375,0.81394,0.82813,0.36343,2.10888,1.28499,1.8228,0.0069508,0.0069508,0.0069508
79,623.598,1.77693,1.3368,1.75504,0.75376,0.74153,0.80998,0.38759,2.13265,1.31491,1.86387,0.0069112,0.0069112,0.0069112
80,631.469,1.82289,1.35567,1.75836,0.75317,0.72751,0.84349,0.40512,2.06949,1.40555,1.85794,0.0068716,0.0068716,0.0068716
81,639.329,1.82472,1.35916,1.76645,0.87089,0.62556,0.80473,0.38514,2.09359,1.24341,1.81454,0.006832,0.006832,0.006832
82,647.166,1.78717,1.31017,1.74233,0.84831,0.71891,0.84396,0.36083,2.23255,1.20804,1.98324,0.0067924,0.0067924,0.0067924
83,654.969,1.79806,1.31047,1.7654,0.84838,0.77641,0.86897,0.39169,2.02876,1.21753,1.7982,0.0067528,0.0067528,0.0067528
84,662.803,1.78784,1.30061,1.75111,0.65982,0.687,0.75217,0.37374,2.11609,1.42409,1.88884,0.0067132,0.0067132,0.0067132
85,670.641,1.80544,1.34556,1.75167,0.85851,0.69675,0.85813,0.40218,2.0819,1.2379,1.78625,0.0066736,0.0066736,0.0066736
86,678.62,1.79078,1.28547,1.73046,0.85495,0.75707,0.86069,0.42148,2.03688,1.18831,1.76002,0.006634,0.006634,0.006634
87,686.5,1.79672,1.2855,1.75388,0.86361,0.73501,0.83942,0.40463,2.07927,1.21901,1.80023,0.0065944,0.0065944,0.0065944
88,694.406,1.78356,1.27731,1.73904,0.81538,0.77195,0.85867,0.42636,2.01032,1.19338,1.78647,0.0065548,0.0065548,0.0065548
89,702.257,1.81748,1.30955,1.77583,0.8552,0.69166,0.84673,0.37949,2.10589,1.32015,1.8389,0.0065152,0.0065152,0.0065152
90,710.147,1.76245,1.28845,1.75437,0.80409,0.76898,0.84185,0.3886,2.10673,1.2755,1.86346,0.0064756,0.0064756,0.0064756
91,717.963,1.78883,1.29557,1.72131,0.71016,0.81755,0.85424,0.3927,2.06349,1.2866,1.87001,0.006436,0.006436,0.006436
92,725.787,1.77277,1.30126,1.73153,0.77642,0.76767,0.83892,0.38918,2.07894,1.30842,1.85276,0.0063964,0.0063964,0.0063964
93,733.617,1.77559,1.28531,1.70538,0.8165,0.70859,0.8165,0.37753,2.08291,1.25707,1.78919,0.0063568,0.0063568,0.0063568
94,741.533,1.75328,1.25242,1.70449,0.85666,0.82859,0.88853,0.41449,2.05381,1.17847,1.80213,0.0063172,0.0063172,0.0063172
95,749.327,1.73403,1.25214,1.70031,0.82913,0.79905,0.86755,0.43491,2.01848,1.1649,1.78023,0.0062776,0.0062776,0.0062776
96,757.237,1.75754,1.25447,1.70561,0.89312,0.75256,0.87573,0.44796,2.03264,1.14301,1.76207,0.006238,0.006238,0.006238
97,765.026,1.74029,1.2417,1.71802,0.84016,0.80292,0.87079,0.4263,2.03123,1.1717,1.78016,0.0061984,0.0061984,0.0061984
98,772.96,1.71712,1.22216,1.67262,0.88178,0.78042,0.86296,0.40372,2.05523,1.16113,1.80052,0.0061588,0.0061588,0.0061588
99,780.794,1.75226,1.26454,1.6638,0.83017,0.80473,0.8732,0.42646,2.03052,1.15937,1.80147,0.0061192,0.0061192,0.0061192
100,788.637,1.69519,1.2345,1.67902,0.82485,0.80753,0.87539,0.41393,2.08931,1.15777,1.88791,0.0060796,0.0060796,0.0060796
101,796.479,1.73511,1.23847,1.70068,0.78476,0.84597,0.86572,0.41148,2.08763,1.19965,1.85057,0.00604,0.00604,0.00604
102,804.349,1.69923,1.24228,1.66787,0.76398,0.73607,0.81643,0.38577,2.08807,1.27143,1.83022,0.0060004,0.0060004,0.0060004
103,812.24,1.70223,1.20127,1.65792,0.85369,0.78153,0.88073,0.4296,2.01457,1.11373,1.80657,0.0059608,0.0059608,0.0059608
104,820.127,1.66845,1.18151,1.64648,0.80007,0.77547,0.85304,0.42499,1.94483,1.15253,1.76474,0.0059212,0.0059212,0.0059212
105,827.9,1.75354,1.21399,1.68964,0.79191,0.78746,0.84998,0.39495,2.04917,1.21776,1.79905,0.0058816,0.0058816,0.0058816
106,835.765,1.68381,1.18466,1.63693,0.88526,0.77904,0.88237,0.41895,2.05455,1.19849,1.74594,0.005842,0.005842,0.005842
107,843.665,1.70995,1.22267,1.66723,0.84487,0.79509,0.88417,0.40968,2.06222,1.1683,1.80021,0.0058024,0.0058024,0.0058024
108,851.519,1.67644,1.20621,1.66624,0.90149,0.86393,0.90073,0.44365,2.02308,1.06354,1.77259,0.0057628,0.0057628,0.0057628
109,859.388,1.67567,1.17468,1.64882,0.77903,0.83771,0.87516,0.43049,1.999,1.2015,1.76518,0.0057232,0.0057232,0.0057232
110,867.28,1.68602,1.20643,1.66717,0.81197,0.80242,0.87229,0.42806,1.99932,1.1702,1.77726,0.0056836,0.0056836,0.0056836
111,875.125,1.70615,1.18346,1.66768,0.84386,0.7775,0.8719,0.42238,2.00837,1.13122,1.77998,0.005644,0.005644,0.005644
112,882.97,1.6849,1.19932,1.63283,0.83364,0.83321,0.87083,0.4266,2.00329,1.10898,1.79252,0.0056044,0.0056044,0.0056044
113,890.874,1.69642,1.17369,1.6375,0.75157,0.88714,0.85609,0.41245,2.00593,1.16403,1.83825,0.0055648,0.0055648,0.0055648
114,898.789,1.6756,1.15519,1.61435,0.74011,0.81898,0.87154,0.41605,1.97168,1.18747,1.81849,0.0055252,0.0055252,0.0055252
115,906.683,1.65818,1.17677,1.62604,0.83641,0.82087,0.89045,0.42386,2.06709,1.06631,1.8046,0.0054856,0.0054856,0.0054856
116,914.499,1.68371,1.17867,1.63834,0.84233,0.83896,0.87613,0.43182,2.05081,1.09524,1.78295,0.005446,0.005446,0.005446
117,922.495,1.66644,1.1338,1.61595,0.84521,0.81078,0.89468,0.42697,2.06227,1.13049,1.79252,0.0054064,0.0054064,0.0054064
118,930.326,1.64534,1.14781,1.6103,0.82944,0.79771,0.87363,0.42789,2.03987,1.10971,1.79922,0.0053668,0.0053668,0.0053668
119,938.208,1.6817,1.15124,1.62175,0.76312,0.82646,0.86351,0.40967,2.12616,1.17423,1.85441,0.0053272,0.0053272,0.0053272
120,946.004,1.70432,1.16987,1.62977,0.81405,0.7493,0.84076,0.41983,2.09776,1.19244,1.86344,0.0052876,0.0052876,0.0052876
121,953.898,1.66848,1.1416,1.61211,0.76415,0.81695,0.84474,0.40192,2.06122,1.16193,1.83158,0.005248,0.005248,0.005248
122,961.782,1.65585,1.16485,1.62786,0.89108,0.80706,0.90353,0.43722,2.03625,1.06744,1.76889,0.0052084,0.0052084,0.0052084
123,969.55,1.66809,1.1801,1.66678,0.88304,0.77161,0.87613,0.43316,1.99194,1.11811,1.79534,0.0051688,0.0051688,0.0051688
124,977.462,1.66553,1.15271,1.60404,0.88309,0.86534,0.89704,0.43135,2.09969,1.07892,1.8217,0.0051292,0.0051292,0.0051292
125,985.37,1.63241,1.13218,1.57931,0.80359,0.8715,0.87162,0.42282,2.01866,1.1212,1.80309,0.0050896,0.0050896,0.0050896
126,993.168,1.65933,1.16421,1.61474,0.88298,0.84836,0.90347,0.43887,2.04419,1.06845,1.82697,0.00505,0.00505,0.00505
127,1001.11,1.64476,1.17584,1.63343,0.88644,0.80822,0.88931,0.41439,2.06882,1.09996,1.82435,0.0050104,0.0050104,0.0050104
128,1008.95,1.66055,1.14958,1.58862,0.7747,0.84952,0.88498,0.43321,2.03237,1.14617,1.82397,0.0049708,0.0049708,0.0049708
129,1016.84,1.6507,1.14738,1.61271,0.89224,0.83193,0.89824,0.43018,2.06553,1.08248,1.83031,0.0049312,0.0049312,0.0049312
130,1024.73,1.61706,1.14287,1.6118,0.91368,0.74396,0.8744,0.43739,2.03751,1.08511,1.81333,0.0048916,0.0048916,0.0048916
131,1032.6,1.63224,1.14721,1.62826,0.93249,0.80331,0.89511,0.43719,2.04535,1.10418,1.77113,0.004852,0.004852,0.004852
132,1040.52,1.62781,1.11062,1.59079,0.86796,0.89026,0.9025,0.41193,2.10844,1.09103,1.81113,0.0048124,0.0048124,0.0048124
133,1048.45,1.6359,1.10727,1.62486,0.91801,0.80239,0.90779,0.43279,2.01839,1.03174,1.77161,0.0047728,0.0047728,0.0047728
134,1056.31,1.64217,1.12765,1.61509,0.81665,0.83091,0.89537,0.42925,2.09063,1.07384,1.83506,0.0047332,0.0047332,0.0047332
135,1064.23,1.63498,1.11532,1.58442,0.82358,0.84302,0.89785,0.4374,2.05293,1.12646,1.79551,0.0046936,0.0046936,0.0046936
136,1072.08,1.63042,1.12473,1.59606,0.78902,0.80234,0.88584,0.41334,2.08239,1.17479,1.81824,0.004654,0.004654,0.004654
137,1079.86,1.64655,1.10882,1.57571,0.78262,0.84057,0.88146,0.38726,2.11229,1.1379,1.82258,0.0046144,0.0046144,0.0046144
138,1087.74,1.59156,1.11256,1.60656,0.86608,0.83385,0.8929,0.42357,2.09813,1.0734,1.79134,0.0045748,0.0045748,0.0045748
139,1095.55,1.62386,1.09291,1.57208,0.90355,0.84342,0.9088,0.43145,2.02289,1.02654,1.7756,0.0045352,0.0045352,0.0045352
140,1103.47,1.58356,1.10408,1.58386,0.90429,0.87715,0.90058,0.45625,1.99932,1.00084,1.7682,0.0044956,0.0044956,0.0044956
141,1111.56,1.59035,1.09653,1.55168,0.86268,0.86318,0.90354,0.44893,2.02888,1.04786,1.75688,0.004456,0.004456,0.004456
142,1119.49,1.60676,1.11189,1.59739,0.91615,0.77079,0.89632,0.44626,2.00852,1.0393,1.77383,0.0044164,0.0044164,0.0044164
143,1127.42,1.66075,1.12405,1.60795,0.79753,0.79509,0.8794,0.43785,2.00075,1.09898,1.79946,0.0043768,0.0043768,0.0043768
144,1135.25,1.60849,1.09693,1.55846,0.85245,0.76682,0.88067,0.44091,1.97515,1.06603,1.72083,0.0043372,0.0043372,0.0043372
145,1143.11,1.60585,1.11594,1.60149,0.72073,0.8043,0.83759,0.41073,2.00443,1.1774,1.7684,0.0042976,0.0042976,0.0042976
146,1150.99,1.58047,1.07058,1.5747,0.8584,0.82563,0.90123,0.43541,2.03016,1.08821,1.80943,0.004258,0.004258,0.004258
147,1158.85,1.57928,1.09617,1.57502,0.81521,0.8425,0.87221,0.43061,2.02021,1.11528,1.77474,0.0042184,0.0042184,0.0042184
148,1166.7,1.6065,1.08356,1.57016,0.82979,0.85626,0.88779,0.44661,2.0091,1.04872,1.78505,0.0041788,0.0041788,0.0041788
149,1174.66,1.55232,1.06038,1.55001,0.76656,0.8204,0.86817,0.42129,2.07724,1.07217,1.80049,0.0041392,0.0041392,0.0041392
150,1182.5,1.58137,1.08482,1.56204,0.91329,0.83121,0.91648,0.42587,2.07107,1.01425,1.77087,0.0040996,0.0040996,0.0040996
151,1190.35,1.59645,1.08831,1.55763,0.79962,0.84308,0.88415,0.41503,2.07851,1.05989,1.80775,0.00406,0.00406,0.00406
152,1198.22,1.58247,1.0632,1.57576,0.79937,0.79894,0.86829,0.41097,2.02154,1.05975,1.80055,0.0040204,0.0040204,0.0040204
153,1206.05,1.57723,1.04534,1.52816,0.83243,0.83152,0.90387,0.42743,2.07654,1.03456,1.84837,0.0039808,0.0039808,0.0039808
154,1214.39,1.61031,1.09527,1.57389,0.82636,0.82994,0.8877,0.41215,2.13389,1.07044,1.90259,0.0039412,0.0039412,0.0039412
155,1222.26,1.55995,1.05989,1.55866,0.84835,0.85532,0.89622,0.41009,2.20962,1.06346,1.92399,0.0039016,0.0039016,0.0039016
156,1230.2,1.53819,1.05013,1.52672,0.88575,0.79352,0.90552,0.45023,2.09961,1.07353,1.83775,0.003862,0.003862,0.003862
157,1238.1,1.5643,1.03764,1.53115,0.83263,0.82238,0.88965,0.43844,2.05617,1.03595,1.82111,0.0038224,0.0038224,0.0038224
158,1245.93,1.55607,1.07331,1.54635,0.85239,0.86883,0.88576,0.42744,2.10238,1.03933,1.83311,0.0037828,0.0037828,0.0037828
159,1253.79,1.56879,1.04322,1.54585,0.85172,0.80151,0.86658,0.43247,2.07223,1.08178,1.80471,0.0037432,0.0037432,0.0037432
160,1261.65,1.55367,1.06281,1.55554,0.89719,0.79892,0.8976,0.45313,2.00854,1.04291,1.76929,0.0037036,0.0037036,0.0037036
161,1269.46,1.52157,1.04198,1.56341,0.84288,0.83445,0.88474,0.44292,2.02882,1.06338,1.79418,0.003664,0.003664,0.003664
162,1277.33,1.53015,1.04686,1.49986,0.88488,0.80271,0.89758,0.45871,2.09133,1.08769,1.82578,0.0036244,0.0036244,0.0036244
163,1285.18,1.52955,0.99717,1.51368,0.78473,0.86954,0.88565,0.43247,2.13952,1.03444,1.88802,0.0035848,0.0035848,0.0035848
164,1293.04,1.58565,1.05155,1.5384,0.86959,0.75546,0.88378,0.42613,2.06982,1.07365,1.8361,0.0035452,0.0035452,0.0035452
165,1301.01,1.53276,1.02945,1.53513,0.7087,0.80058,0.83375,0.39643,2.06085,1.13042,1.80137,0.0035056,0.0035056,0.0035056
166,1308.9,1.51457,1.02616,1.53105,0.85439,0.84802,0.89829,0.44011,2.10854,1.09277,1.8283,0.003466,0.003466,0.003466
167,1316.72,1.55622,1.06268,1.54166,0.79735,0.84008,0.89264,0.43471,2.04627,1.075,1.7946,0.0034264,0.0034264,0.0034264
168,1324.57,1.53186,1.02824,1.51962,0.78492,0.84902,0.89469,0.44134,2.04567,1.06611,1.81958,0.0033868,0.0033868,0.0033868
169,1332.46,1.53704,1.07008,1.54328,0.82199,0.81161,0.89084,0.43952,2.06278,1.05216,1.81136,0.0033472,0.0033472,0.0033472
170,1340.32,1.52451,1.02154,1.50071,0.83622,0.79984,0.88792,0.43833,2.09477,1.04233,1.7789,0.0033076,0.0033076,0.0033076
171,1348.14,1.54775,1.03703,1.51142,0.85391,0.83638,0.9146,0.44602,2.03495,1.05872,1.82306,0.003268,0.003268,0.003268
172,1355.97,1.52759,1.00289,1.52514,0.87824,0.83525,0.89887,0.46325,1.99745,1.00633,1.76027,0.0032284,0.0032284,0.0032284
173,1363.9,1.47787,1.01525,1.49809,0.83265,0.81815,0.89398,0.44021,2.06278,1.07555,1.82965,0.0031888,0.0031888,0.0031888
174,1371.76,1.47883,0.97775,1.48282,0.83707,0.7667,0.86142,0.41959,2.08973,1.11027,1.83997,0.0031492,0.0031492,0.0031492
175,1379.63,1.51078,1.02165,1.5577,0.83645,0.86896,0.91787,0.42387,2.07487,0.99849,1.80205,0.0031096,0.0031096,0.0031096
176,1387.53,1.51033,0.99203,1.48489,0.81158,0.85275,0.85742,0.40441,2.05417,1.03142,1.79075,0.00307,0.00307,0.00307
177,1395.45,1.55721,1.02068,1.51276,0.83497,0.88786,0.89856,0.41798,2.02189,1.02947,1.80194,0.0030304,0.0030304,0.0030304
178,1403.34,1.54016,1.02871,1.52271,0.82039,0.82341,0.8824,0.43319,2.03739,1.06691,1.81035,0.0029908,0.0029908,0.0029908
179,1411.23,1.50858,1.0227,1.52074,0.83174,0.8104,0.89951,0.42832,2.00479,1.04422,1.78526,0.0029512,0.0029512,0.0029512
180,1419.09,1.4907,0.98618,1.50309,0.93299,0.81478,0.9247,0.45432,2.01993,1.00757,1.81421,0.0029116,0.0029116,0.0029116
181,1427.03,1.5202,0.9943,1.49528,0.85495,0.84572,0.89189,0.45035,2.04882,1.01918,1.81128,0.002872,0.002872,0.002872
182,1434.92,1.51719,1.00036,1.50012,0.84434,0.81915,0.87177,0.43876,2.01953,1.03133,1.778,0.0028324,0.0028324,0.0028324
183,1442.73,1.50065,1.0136,1.49714,0.93702,0.81522,0.91723,0.46395,2.01857,0.98308,1.77323,0.0027928,0.0027928,0.0027928
184,1450.55,1.51064,1.01215,1.5161,0.86967,0.83966,0.89827,0.45067,1.98637,1.002,1.73974,0.0027532,0.0027532,0.0027532
185,1458.5,1.49106,0.99523,1.49181,0.89397,0.8497,0.91005,0.44249,2.03141,0.99863,1.77741,0.0027136,0.0027136,0.0027136
186,1466.34,1.5103,1.00042,1.48663,0.84752,0.87339,0.90673,0.45408,2.03009,0.99797,1.7564,0.002674,0.002674,0.002674
187,1474.18,1.46806,0.97998,1.47838,0.85871,0.85023,0.90595,0.45151,2.00486,1.00637,1.78621,0.0026344,0.0026344,0.0026344
188,1482.03,1.50186,0.98931,1.49963,0.83845,0.85021,0.89439,0.43673,2.00687,0.99888,1.76298,0.0025948,0.0025948,0.0025948
189,1489.98,1.51066,1.00879,1.51433,0.85441,0.81124,0.89389,0.43921,2.00661,1.05726,1.79669,0.0025552,0.0025552,0.0025552
190,1497.86,1.47499,0.97588,1.45626,0.7996,0.8659,0.89401,0.42788,2.02119,1.02402,1.78978,0.0025156,0.0025156,0.0025156
191,1505.75,1.46779,0.97722,1.46759,0.88246,0.84845,0.91332,0.43991,2.03119,0.98056,1.78703,0.002476,0.002476,0.002476
192,1513.57,1.48073,0.98014,1.50728,0.87428,0.84911,0.90995,0.43521,2.03426,0.98925,1.77997,0.0024364,0.0024364,0.0024364
193,1521.47,1.46129,0.95364,1.47288,0.87747,0.83898,0.91956,0.43424,2.02196,0.97919,1.76977,0.0023968,0.0023968,0.0023968
194,1529.36,1.46019,0.97153,1.48855,0.82037,0.84398,0.89203,0.43158,2.0189,1.04246,1.79429,0.0023572,0.0023572,0.0023572
195,1537.24,1.47894,0.97685,1.45162,0.87358,0.86232,0.89919,0.43887,2.03615,1.02273,1.78199,0.0023176,0.0023176,0.0023176
196,1545.15,1.45787,0.95603,1.48337,0.84379,0.85737,0.88226,0.42909,2.02989,1.0419,1.76736,0.002278,0.002278,0.002278
197,1553.2,1.48621,0.96165,1.47979,0.84496,0.85229,0.90859,0.45528,2.01368,1.00656,1.75605,0.0022384,0.0022384,0.0022384
198,1561.07,1.46332,0.94984,1.46654,0.88604,0.86354,0.92028,0.44898,2.00746,0.95237,1.75229,0.0021988,0.0021988,0.0021988
199,1568.89,1.45565,0.95221,1.45035,0.85597,0.85898,0.9048,0.42565,2.01754,0.99248,1.75435,0.0021592,0.0021592,0.0021592
200,1576.76,1.48898,0.98631,1.51099,0.83504,0.78797,0.8886,0.45055,2.00537,1.01777,1.76595,0.0021196,0.0021196,0.0021196
201,1584.61,1.45405,0.95045,1.44709,0.88906,0.80992,0.90464,0.45683,1.98939,1.03687,1.76917,0.00208,0.00208,0.00208
202,1592.49,1.44868,0.9716,1.47471,0.8199,0.86831,0.90688,0.45476,1.99407,1.01678,1.7884,0.0020404,0.0020404,0.0020404
203,1600.41,1.44789,0.9526,1.45939,0.89088,0.77589,0.90892,0.4481,2.01558,1.00585,1.78105,0.0020008,0.0020008,0.0020008
204,1608.28,1.47533,0.97692,1.46771,0.82947,0.81543,0.89504,0.43557,2.01053,1.05311,1.79519,0.0019612,0.0019612,0.0019612
205,1616.24,1.46194,0.94191,1.45477,0.87543,0.82924,0.91797,0.44814,2.0166,0.98488,1.80987,0.0019216,0.0019216,0.0019216
206,1624.12,1.44074,0.93784,1.47563,0.91501,0.8635,0.91993,0.45806,2.02094,0.95535,1.80985,0.001882,0.001882,0.001882
207,1631.98,1.46659,0.95781,1.47432,0.85607,0.85864,0.90791,0.44905,2.03315,0.97179,1.78805,0.0018424,0.0018424,0.0018424
208,1639.92,1.45516,0.97468,1.48356,0.88075,0.80577,0.90022,0.46125,2.01267,0.99514,1.7886,0.0018028,0.0018028,0.0018028
209,1647.82,1.45,0.94635,1.45607,0.9037,0.84851,0.92586,0.46317,2.03142,0.97058,1.79014,0.0017632,0.0017632,0.0017632
210,1655.67,1.45846,0.94904,1.46863,0.89679,0.82025,0.91167,0.44635,2.0519,0.97173,1.78343,0.0017236,0.0017236,0.0017236
211,1663.46,1.46672,0.94394,1.44909,0.81561,0.84814,0.91035,0.45377,2.01145,0.98964,1.75419,0.001684,0.001684,0.001684
212,1671.33,1.46016,0.95439,1.46204,0.90386,0.85267,0.92755,0.46032,2.02945,0.9708,1.81266,0.0016444,0.0016444,0.0016444
213,1679.31,1.43615,0.94098,1.44373,0.85561,0.82161,0.89919,0.44869,2.04052,0.99443,1.81761,0.0016048,0.0016048,0.0016048
214,1687.29,1.43755,0.96596,1.453,0.87771,0.82317,0.91713,0.45212,2.02596,0.9983,1.79341,0.0015652,0.0015652,0.0015652
215,1695.15,1.43762,0.94481,1.4701,0.86845,0.88495,0.92508,0.46502,2.0079,0.94056,1.77764,0.0015256,0.0015256,0.0015256
216,1703.04,1.41222,0.91555,1.41672,0.84412,0.85054,0.90859,0.4524,2.00727,0.99033,1.78123,0.001486,0.001486,0.001486
217,1710.88,1.40685,0.92127,1.44433,0.77051,0.85993,0.89215,0.43936,2.03167,1.02962,1.79076,0.0014464,0.0014464,0.0014464
218,1718.76,1.42168,0.92172,1.43673,0.90926,0.8736,0.92363,0.45797,2.00979,0.95018,1.80748,0.0014068,0.0014068,0.0014068
219,1726.59,1.45449,0.93114,1.45969,0.86951,0.85176,0.91934,0.4529,2.00652,0.96758,1.78517,0.0013672,0.0013672,0.0013672
220,1734.5,1.37483,0.89411,1.41448,0.90826,0.83733,0.9214,0.45562,1.98695,0.96815,1.76351,0.0013276,0.0013276,0.0013276
221,1742.47,1.40304,0.90911,1.45272,0.86881,0.84351,0.90908,0.45251,2.01534,0.98728,1.78213,0.001288,0.001288,0.001288
222,1750.31,1.40751,0.91143,1.43987,0.92328,0.83889,0.9244,0.4566,2.03327,0.9716,1.79517,0.0012484,0.0012484,0.0012484
223,1758.18,1.41984,0.91852,1.4355,0.85714,0.80636,0.89926,0.44941,2.01445,1.00141,1.79139,0.0012088,0.0012088,0.0012088
224,1766.08,1.40991,0.93788,1.45934,0.85295,0.85291,0.90314,0.45716,2.00135,0.96138,1.80301,0.0011692,0.0011692,0.0011692
225,1773.94,1.41831,0.91549,1.45475,0.8593,0.84722,0.90344,0.44172,2.0367,0.97063,1.80303,0.0011296,0.0011296,0.0011296
226,1781.81,1.41139,0.92422,1.45514,0.82095,0.87776,0.91865,0.44079,2.06394,0.95676,1.80787,0.00109,0.00109,0.00109
227,1789.67,1.37787,0.87588,1.39013,0.93289,0.82132,0.92679,0.45352,2.01697,0.94334,1.79563,0.0010504,0.0010504,0.0010504
228,1797.48,1.39864,0.89842,1.41012,0.89726,0.80835,0.91283,0.45314,2.0349,0.96481,1.80437,0.0010108,0.0010108,0.0010108
229,1805.44,1.40338,0.92307,1.47113,0.84022,0.84534,0.90836,0.44372,2.0441,0.99092,1.81474,0.0009712,0.0009712,0.0009712
230,1813.3,1.43293,0.93793,1.43068,0.8008,0.89176,0.90607,0.44803,2.0109,0.99053,1.82013,0.0009316,0.0009316,0.0009316
231,1821.13,1.37971,0.88499,1.41632,0.80238,0.9178,0.90672,0.45253,2.02482,0.95152,1.81009,0.000892,0.000892,0.000892
232,1828.98,1.40578,0.92136,1.43338,0.93963,0.83407,0.93231,0.46662,1.99364,0.94641,1.80625,0.0008524,0.0008524,0.0008524
233,1836.93,1.39533,0.91073,1.42558,0.9041,0.84761,0.92118,0.4614,1.98963,0.94301,1.78716,0.0008128,0.0008128,0.0008128
234,1844.87,1.36703,0.86722,1.38859,0.81175,0.89169,0.91331,0.45445,2.01172,0.9622,1.78943,0.0007732,0.0007732,0.0007732
235,1852.77,1.39873,0.88716,1.42257,0.92403,0.81294,0.91203,0.45181,2.03812,0.93088,1.79804,0.0007336,0.0007336,0.0007336
236,1860.61,1.39244,0.89863,1.39762,0.88943,0.83979,0.90174,0.44621,2.0304,0.9461,1.7801,0.000694,0.000694,0.000694
237,1868.61,1.43235,0.91603,1.43334,0.86763,0.8887,0.91955,0.45092,2.02366,0.92601,1.78411,0.0006544,0.0006544,0.0006544
238,1876.47,1.38261,0.903,1.41182,0.90144,0.87005,0.92122,0.46042,2.01658,0.9285,1.79695,0.0006148,0.0006148,0.0006148
239,1884.41,1.37157,0.89883,1.40224,0.87298,0.89169,0.92538,0.45698,2.01295,0.93352,1.80195,0.0005752,0.0005752,0.0005752
240,1892.28,1.41419,0.91789,1.43744,0.89348,0.88457,0.92742,0.46304,2.01841,0.94669,1.78738,0.0005356,0.0005356,0.0005356
241,1899.36,1.42391,0.88198,1.47716,0.91724,0.8256,0.91031,0.45088,2.04515,0.97561,1.8015,0.000496,0.000496,0.000496
242,1906.32,1.40854,0.8445,1.45131,0.82489,0.81903,0.85881,0.41503,2.02899,1.06468,1.77801,0.0004564,0.0004564,0.0004564
243,1913.4,1.41372,0.83229,1.42888,0.87696,0.77908,0.86406,0.41366,2.0231,1.02137,1.79333,0.0004168,0.0004168,0.0004168
244,1920.49,1.39091,0.80877,1.4219,0.78668,0.90796,0.89699,0.43066,2.02936,0.95708,1.79952,0.0003772,0.0003772,0.0003772
245,1927.64,1.37023,0.8073,1.40205,0.84284,0.84675,0.90805,0.44584,2.01874,0.93806,1.78861,0.0003376,0.0003376,0.0003376
246,1934.58,1.38544,0.79237,1.38454,0.89144,0.81829,0.9149,0.44768,2.02241,0.94493,1.79538,0.000298,0.000298,0.000298
247,1941.6,1.36158,0.80867,1.42008,0.81923,0.86934,0.91217,0.44894,2.01637,0.95096,1.79288,0.0002584,0.0002584,0.0002584
248,1948.54,1.38397,0.80624,1.41173,0.82377,0.86983,0.91096,0.44896,2.02007,0.95413,1.80124,0.0002188,0.0002188,0.0002188
249,1955.56,1.3731,0.79893,1.44208,0.80157,0.89134,0.90636,0.43623,2.02366,0.95972,1.80417,0.0001792,0.0001792,0.0001792
250,1962.55,1.36078,0.79227,1.3926,0.82696,0.86274,0.91061,0.44649,2.02184,0.95485,1.8068,0.0001396,0.0001396,0.0001396
